<?xml version='1.0' encoding='UTF-8'?>
<!DOCTYPE hibernate-configuration PUBLIC
        "-//Hibernate/Hibernate Configuration DTD 3.0//EN"
        "http://www.hibernate.org/dtd/hibernate-configuration-3.0.dtd">

<hibernate-configuration>
    <session-factory>
        <!-- SQL Dialect -->
        <property name="hibernate.dialect">org.hibernate.dialect.MySQLDialect</property>

        <!-- Database Connection Settings -->
        <property name="hibernate.connection.driver_class">com.mysql.cj.jdbc.Driver</property>
        <property name="hibernate.connection.url">jdbc:mysql://localhost:3306/weatherlady</property>
        <property name="hibernate.connection.username">root</property>
        <property name="hibernate.connection.password">password</property>
        <property name="dialect">org.hibernate.dialect.MySQL8Dialect</property>
        <property name="show_sql">true</property>
        <property name="hibernate.hbm2ddl.auto">create</property>

        <!--        config to remove hibernate console info -->
        <property name="hibernate.show_sql">false</property>
        <property name="hibernate.generate_statistics">false</property>
        <property name="hibernate.use_sql_comments">false</property>
        <property name="log4j.logger.org.hibernate">ERROR, stdout</property>


        <mapping class="org.example.entity.Location"></mapping>


    </session-factory>
</hibernate-configuration>